{"cameraMode":{"drawMode":0,"name":"Shaded","section":"Shading Mode"},"sceneLighting":true,"audioPlay":false,"sceneViewState":{"m_AlwaysRefresh":false,"showFog":true,"showSkybox":true,"showFlares":true,"showImageEffects":true,"showParticleSystems":true,"showVisualEffectGraphs":true,"m_FxEnabled":true},"in2DMode":false,"pivot":{"x":19.044239044189454,"y":8.846168518066407,"z":13.483711242675782},"rotation":{"x":-0.046790946274995807,"y":-0.009891308844089508,"z":0.00046369992196559906,"w":-0.9988619089126587},"size":37.98610305786133,"orthographic":false}